年月日,10分間降水量の最大(mm),降水量の合計(mm),平均風速(m/s),最大風速(m/s),平均気温(℃),最高気温(℃),最低気温(℃)
2021/6/27,0,0,1.1,2.9,22.8,26.9,20.2
2021/6/28,0.5,1.5,1.6,4,22.7,26.7,19.2
2021/6/29,1,4,2.2,4.9,22.8,27.3,19.9
2021/6/30,0.5,3.5,2.3,5.4,24,28.1,19.9
2021/7/1,4.5,13.5,2.4,5.2,23.3,25.4,20.9
2021/7/2,2,14,1.7,3.7,23.8,26.3,21.8
2021/7/3,0.5,0.5,2.3,4.7,25.7,29.9,23
2021/7/4,0,0,4.7,7,25.5,28,23.7
2021/7/5,0,0,2.9,5.5,26.2,28.8,23.9
2021/7/6,0,0,2.2,4.3,26.7,30.1,24.4
2021/7/7,8.5,79.5,2,4.2,24.4,26.9,22.9
2021/7/8,5.5,57.5,2.2,5.8,24,26.3,22.2
2021/7/9,6,12,2.1,5.7,25,27.5,24.1
2021/7/10,3,4,1.9,3.8,25.6,28.2,23.6
2021/7/11,0,0,2.6,5.6,25.2,29.7,22.7
2021/7/12,6,10,1.4,7,23.1,27,20.9
2021/7/13,0,0,1.2,3.5,24.5,29,20.5
2021/7/14,9.5,15,1.6,6.8,24.5,30.6,22
2021/7/15,0.5,2.5,1.8,5.7,24.6,28.7,22.1
2021/7/16,1,5.5,1.7,4.1,25.2,29.8,21.7
2021/7/17,0,0,2,4.5,26.9,32.2,22.9
2021/7/18,1.5,1.5,1.9,6.4,26.6,31.5,22.5
2021/7/19,0,0,2.1,4.8,27.3,31.7,23.1
2021/7/20,0,0,1.4,5,26.8,32,23.2
2021/7/21,0,0,1.9,4.9,27.3,32.1,22.3
2021/7/22,0,0,1.8,4.3,27.1,31.7,21.9
2021/7/23,0,0,2.2,5.1,27.2,31.8,22.8
2021/7/24,0,0,2.2,5.2,27.2,31,24.4
2021/7/25,0,0,1.7,5.2,27.1,31.9,23.7
2021/7/26,0,0,1.9,4.8,27.5,32.2,22.7
2021/7/27,0,0,2.3,5.3,27.8,32.9,23.6
2021/7/28,0,0,1.8,4.2,27.2,31.2,22.9
2021/7/29,0,0,2.8,5.3,27.7,31.6,25.1
2021/7/30,0,0,2.1,4.9,27.9,31.7,24.4
2021/7/31,0,0,2,5,27.9,31.9,24.2
2021/8/1,0,0,2.5,5.5,27.9,33,25.2
2021/8/2,0,0,2.9,5.2,28.3,32.4,25.6
2021/8/3,14.5,74.5,2.1,4.8,26.3,30.3,23.5
2021/8/4,0,0,1.8,3.8,28.1,32.7,23.9
2021/8/5,0,0,2,4.6,28.9,34.1,24.3
2021/8/6,0,0,2.3,5.1,28.4,34.3,24.1
2021/8/7,0,0,2.4,5,29.6,34.8,25.6
2021/8/8,0,0,2.6,6.6,28.7,33.5,24.4
2021/8/9,3.5,27.5,7.9,16.1,25.5,28.3,23.2
2021/8/10,0,0,3.7,6.6,26.2,29.4,23.2
2021/8/11,0,0,2.1,5,25.2,28.7,21.7
2021/8/12,3.5,16.5,1.9,4.2,23.7,25.1,22.3
2021/8/13,8,77.5,4.5,10.8,24.3,25.3,23.1
2021/8/14,2,24,3.3,8.3,24.5,26.5,21.3
2021/8/15,4,31,2.8,5.8,23.5,29.3,20.2
2021/8/16,0,0,1.6,3.4,23.7,25.7,21.4
2021/8/17,2.5,36,4.4,8.7,23.8,25.1,22.7
2021/8/18,2.5,31.5,4.6,7.5,24.2,26.9,22.4
2021/8/19,1,13,2.2,5.7,22.3,23.9,20.8
2021/8/20,0.5,2.5,2,6.8,23.5,27.7,20.7
2021/8/21,0,0,3.9,8.3,25,27.8,22.4
2021/8/22,0.5,1.5,4.4,7.2,26,29.2,24.7
2021/8/23,0,0,2.2,4.3,26.4,29.9,24.3
2021/8/24,0,0,5.9,9.9,26,28,24.9
2021/8/25,0,0,4,6,27.3,30.9,24.9
2021/8/26,0,0,2.7,4.9,27.4,30.5,25.1
2021/8/27,0,0,1.6,4,27.4,31.7,23.3
2021/8/28,0,0,2.6,5.7,27.8,30.8,24
2021/8/29,0,0,2,4.5,27.8,31.2,24.4
2021/8/30,0,0,2.1,4.8,27.6,31.4,24.2
2021/8/31,0,0,2.4,4.4,27.4,32.4,24.4
2021/9/1,0,0,2.4,4.3,25.9,29,22.3
2021/9/2,8,52.5,2.2,4.4,23.6,26,21.2
2021/9/3,5,35.5,1.3,2.9,21.8,23.5,20.4
2021/9/4,2,10.5,1.9,3.7,22.9,26.3,20.8
2021/9/5,0,0,2.1,3.9,24.1,27.7,20.2
2021/9/6,0,0,3,5.6,24.3,30.1,20.6
2021/9/7,0,0,2.2,4.9,23.5,26.6,18.8
2021/9/8,5.5,29,1.8,4.3,23.2,26.2,21.4
2021/9/9,7.5,68.5,2.3,4.3,24,29.1,21
2021/9/10,0,0,1.9,4.2,24,28.2,19.1
2021/9/11,0.5,1.5,1.6,6.8,23.9,26.9,20.7
2021/9/12,0,0,1.3,4.3,23.6,25.7,21.6
2021/9/13,0,0,2.6,4.5,23.2,26.7,20.2
2021/9/14,0.5,10.5,1.4,3.3,19.7,21,18.4
2021/9/15,0.5,2.5,2.7,5.7,22.4,27.4,19.2
2021/9/16,0,0,1.7,3.6,22.2,26,17.9
2021/9/17,2,17,1.5,3.4,22.5,25.3,21.3
2021/9/18,6,32,3,6.2,24.2,29.5,21.4
2021/9/19,0,0,3,5.3,23.3,28.2,20.1
2021/9/20,0,0,1.6,3.8,23.9,29.6,19.2
2021/9/21,0,0,1.8,3.6,24.9,30.2,20.2
2021/9/22,0.5,0.5,2.4,5.1,24.4,28.2,21.9
2021/9/23,0,0,2.6,5.5,23.7,27.7,20.4
2021/9/24,0,0,2.6,4.5,22.2,27.2,18.8
2021/9/25,0,0,2.1,4.5,23.1,28.4,18
2021/9/26,0,0,2.5,4.6,21.3,24.1,18.8
2021/9/27,0,0,1.9,3.6,22.4,28.4,17.2
2021/9/28,0,0,1.1,2.8,22.7,25.7,18.9
2021/9/29,0,0,1.5,4.6,24.2,28.8,20.6
2021/9/30,0,0,2,4.3,24.2,29.2,20.7
2021/10/1,0,0,3.6,7.9,23.1,27,18.5
2021/10/2,0,0,1.6,5.2,21.2,26.5,15.7
2021/10/3,0,0,1.5,4.3,21.8,28.6,16.2
2021/10/4,0,0,2.3,6.1,22.4,28.1,16.5
2021/10/5,0,0,1.9,4.4,22.8,26.7,18.5
2021/10/6,0,0,2.5,5.4,21.4,27.1,17
2021/10/7,0,0,2.1,4.3,22.5,27.7,16.7
2021/10/8,0,0,1.7,5.1,23.4,28.5,18.9
2021/10/9,0,0,1.8,4.6,23.5,28.6,18.8
2021/10/10,0,0,1.8,5.3,23.6,27.9,19.3
2021/10/11,0,0,1.4,4,23.4,26.2,20.8
2021/10/12,0,0,3.6,5.3,22.4,27.1,20.4
2021/10/13,0,0,3.3,4.9,21.8,25.1,19.7
2021/10/14,0,0,2.8,4.6,20.7,25.4,17
2021/10/15,0,0,2.1,4.2,20.2,26.1,15.1
2021/10/16,5,8,2.1,7.2,20.1,24.8,15
2021/10/17,1,7.5,3.2,6.8,14.4,17.6,10.6
2021/10/18,0,0,2.1,5.7,13.2,18.6,8.1
2021/10/19,0,0,2,5.4,14.8,19.1,11.9
2021/10/20,0,0,2.5,6.1,12.6,16.8,9.4
2021/10/21,0,0,1.5,4.5,12.2,17.7,8.1
2021/10/22,0,0,2.3,5.5,13.8,19.6,9.3
2021/10/23,0,0,2.6,7.5,12.7,17.6,8.6
2021/10/24,0,0,1.4,3.7,11.5,16.6,5.7
2021/10/25,1,29,1.9,4.8,12,13.8,10.3
2021/10/26,0,0,2.2,4.9,14.9,20.5,10.5
2021/10/27,0,0,1.4,3,14.2,19.5,9.5
2021/10/28,0,0,2.8,6.4,15.2,21,9.5
2021/10/29,0,0,3,7.3,13.9,19.2,9.8
2021/10/30,0,0,1.3,3.4,14.1,20.1,7.3
2021/10/31,0.5,2,1.3,2.7,15.3,19.7,12.2
2021/11/1,0,0,1.6,3.6,16,21.1,11
2021/11/2,0,0,1.7,4,15.4,20.8,11.1
2021/11/3,0,0,1.9,4.1,14,20.9,8.3
2021/11/4,0,0,1.8,5,13.7,20.2,8.9
2021/11/5,0,0,1.7,3.9,13.3,19.7,7.9
2021/11/6,0,0,1.6,3.2,13.1,18.7,7.5
2021/11/7,0,0,3.4,6.7,15.6,21.6,10.4
2021/11/8,1,3,2.2,4.2,18.3,23.1,14.2
2021/11/9,2.5,16.5,1.6,4,13.3,15.6,9.2
2021/11/10,2,9.5,3.2,8.1,10.5,13.6,8.4
2021/11/11,2,2,2.2,7.1,10.9,15.3,7.2
2021/11/12,0.5,0.5,2.1,6.3,9.6,14.4,5.8
2021/11/13,0,0,1.4,4.9,9.9,13.8,4.7
2021/11/14,0,0,1.5,5.4,11.5,15.8,7.4
2021/11/15,0,0,1.7,3.7,11.7,17.3,5.8
2021/11/16,0,0,1.7,4.3,12,16.8,6.5
2021/11/17,0,0,1.4,4,11.6,17.1,7.2
2021/11/18,0,0,1.6,4.5,11.6,16.9,7.8
2021/11/19,0,0,1.3,3.5,11.3,17.6,6.1
2021/11/20,0,0,2.1,5.1,12,18.6,6.3
2021/11/21,0,0,1.5,2.8,11.9,17,5.8
2021/11/22,1.5,19,2.6,7.7,13.4,17.1,9.2
2021/11/23,0,0,2.9,8.1,7.5,10.4,4.9
2021/11/24,0,0,2.7,7.6,8.1,12.2,3.9
2021/11/25,0,0,1.5,5,10.9,14.7,6.6
2021/11/26,0,0,2.5,6.5,11.1,16.1,7.2
2021/11/27,0,0,2,5.4,6.2,10.3,2.6
2021/11/28,0,0,1.5,5.5,6.4,13.2,1.3
2021/11/29,0,0,1.8,4,6.9,13.4,0.6
2021/11/30,10.5,53.5,2.4,6.3,11.3,18.1,2.7
2021/12/1,1,5.5,4.8,8.4,8.3,12.8,3.2
2021/12/2,0,0,1.6,4,5.4,9.8,0.7
2021/12/3,1,1,2.2,6.1,7.7,11.3,2.6
2021/12/4,0,0,2.5,6.2,7,11.3,4.4
2021/12/5,0,0,2,4.3,5.7,9.3,2.8
2021/12/6,0,0,1.2,2.7,8.3,14.1,3.1
2021/12/7,0.5,3.5,2.5,4.3,10.2,11.9,8.6
2021/12/8,0,0,4,7.9,10.1,13.3,5.1
2021/12/9,0,0,1.7,3.7,8.9,15.5,3.8
2021/12/10,0,0,1.4,3.6,8.6,13.9,4.3
2021/12/11,0,0,1.2,3.2,9.1,15.3,3.7
2021/12/12,0,0,2.5,7.1,11,14.8,6.5
2021/12/13,0,0,2.7,5.9,7.1,11.1,2.7
2021/12/14,0,0,1.7,5,5,10,-0.6
2021/12/15,0,0,1.6,5.5,7.3,12.6,2.3
2021/12/16,1.5,12.5,1.6,3.8,9.6,14.3,3.1
2021/12/17,1,13.5,4.3,10,7.6,12.5,0.3
2021/12/18,0,0,2.9,6.9,2,5.6,-1.2
2021/12/19,0,0,3.4,7.8,3.8,8.6,-0.5
2021/12/20,0,0,2,6.6,5.6,9.7,1.4
2021/12/21,0,0,1.5,4.6,7.8,12.3,2.3
2021/12/22,0,0,2.8,5.9,5.8,11.1,2.4
2021/12/23,0,0,1.5,3.4,5.4,10.3,1.1
2021/12/24,0.5,0.5,1.3,2.3,7.2,12.7,1.5
2021/12/25,0,0,3.1,6.7,6.8,11.2,2.1
2021/12/26,0,0,3.9,8.5,1.5,4.8,-1.5
2021/12/27,0,0,3.9,8.4,0.7,4.2,-2.8
2021/12/28,0,0,1.8,5.1,3.1,7.6,0.3
2021/12/29,0,0,1.8,4.8,5.3,9.6,-0.8
2021/12/30,0,0,4.2,8.4,5.6,8.9,1.1
2021/12/31,0,0,4.6,8.2,1.5,4.4,-0.3
2022/1/1,0,0,1.9,4.9,1.4,5.3,-1.6
2022/1/2,0,0,1.7,5.1,2.1,7.2,-3.4
2022/1/3,0,0,1.9,5.6,4.7,9.5,0
2022/1/4,0,0,2,5.6,4.1,8.5,0.6
2022/1/5,0,0,2.4,5.9,2.4,5.7,-0.4
2022/1/6,0,0,1.2,3.6,3,7,1
2022/1/7,0,0,2.2,5.5,3.3,6.5,0.7
2022/1/8,0,0,1.3,4.5,2.6,8.2,-3
2022/1/9,0,0,1.4,2.9,5,11.8,-2
2022/1/10,0,0,1.6,4.7,6.7,12.4,1.9
2022/1/11,0.5,2.5,2.4,5.7,4.1,7.7,0.7
2022/1/12,0,0,2.4,5.6,1.8,5,-0.9
2022/1/13,0,0,4.4,9.1,1.6,5.4,-1.3
2022/1/14,0,0,3,5.6,1.2,5.9,-2.2
2022/1/15,0,0,1,3.3,3.1,7.9,-0.3
2022/1/16,0,0,1.8,6.8,4.3,9.3,-2
2022/1/17,0,0,3.1,8.2,3.9,8.1,0.9
2022/1/18,0,0,2.7,5.4,1.7,5.7,-0.6
2022/1/19,0,0,1.4,5.6,2.1,6,-0.6
2022/1/20,0,0,2.4,6.7,1.4,5.7,-1.3
2022/1/21,0,0,1.8,5.4,0.4,3.8,-3.2
2022/1/22,0,0,1.6,4.6,2.7,7.1,-0.2
2022/1/23,0.5,9.5,1.2,2.6,1.9,3.9,-1.2
2022/1/24,0,0,3.9,7.1,5,7.8,3.3
2022/1/25,0,0,1.3,2.8,3.7,7.1,-0.2
2022/1/26,0,0,2,5.4,4.4,9.6,-1.2
2022/1/27,0,0,1.8,4.5,5.1,8.8,1.4
2022/1/28,0,0,2.1,5.2,3.7,10.5,-1.4
2022/1/29,0,0,1.6,4.4,3.6,8,-0.6
2022/1/30,0,0,2.1,4.7,3.6,7.7,0.3
2022/1/31,0,0,1.7,4.1,2.7,7.7,-1.6
2022/2/1,0,0,2.8,8.6,3.3,7.7,-1
2022/2/2,0,0,1.9,5.7,3.4,7.6,-1.4
2022/2/3,0,0,1.9,5.2,4.2,8,1.7
2022/2/4,0,0,2.6,6.7,3,7.8,-1.5
2022/2/5,0,0,4.5,7.2,1.2,4.6,-1.3
2022/2/6,0,0,3.7,6.7,0.8,5.3,-2.9
2022/2/7,0,0,1.3,4.2,1.8,6.2,-3.2
2022/2/8,0,0,1.5,4.7,3.9,7.8,0.2
2022/2/9,0,0,2.6,4.8,4.1,9.1,-0.1
2022/2/10,0,0,1.7,4.2,4.2,8.2,2.1
2022/2/11,0,0,2,5.2,4.6,11.1,-0.4
2022/2/12,0,0,1.6,4.3,4.6,12.2,-2.1
2022/2/13,0.5,5,2,4.4,3.5,6.1,1
2022/2/14,0,0,3.6,6.4,5.6,9.6,1.1
2022/2/15,0,0,3,8.5,4.5,10.4,-1.6
2022/2/16,0,0,3.3,7.6,1.7,3.9,-1.4
2022/2/17,0,0,3.5,8,-0.2,4.2,-2.7
2022/2/18,0,0,1.7,4.2,1.6,7.7,-3.4
2022/2/19,0.5,12.5,1.4,2.6,2.1,5.4,-1.9
2022/2/20,0,0,3.4,8.4,3.1,7.8,-1.1
2022/2/21,0,0,3.6,7.3,1.1,5.7,-2.1
2022/2/22,0,0,3.3,7.1,1.5,7.4,-2.6
2022/2/23,0,0,2,5.4,0.9,6.5,-3.4
2022/2/24,0,0,1.7,5.6,1.2,7.1,-3.8
2022/2/25,0,0,2.3,6,2,8.1,-4.6
2022/2/26,0,0,2.2,4.8,3.9,9.5,-2.6
2022/2/27,0,0,2.6,5.8,7,12.6,2
2022/2/28,0,0,1.8,4.6,5.5,12.3,-1.9
2022/3/1,1.5,11,1.3,3.2,5.7,10.5,0.9
2022/3/2,0,0,1.5,4.4,7.8,11.5,5.3
2022/3/3,0,0,2.6,6.7,6,10.9,0
2022/3/4,0,0,1.7,4,5.4,9.7,0.1
2022/3/5,0,0,3.5,10.5,8.2,14.6,2
2022/3/6,0,0,3,6.8,4,9.6,0.3
2022/3/7,0,0,2.2,4.9,3.8,8.8,-0.6
2022/3/8,0,0,2.3,5.5,4.7,11.1,-0.9
2022/3/9,0,0,1.5,4.5,6.1,14,-0.5
2022/3/10,0,0,1.8,4.2,8,14.2,1.2
2022/3/11,0,0,2,5.5,9.4,15.4,2
2022/3/12,0,0,1.9,5.9,13.2,18.2,7
2022/3/13,0,0,3.9,5.8,15.2,19.2,12.4
2022/3/14,2,7.5,2.8,7.1,15.6,19.6,12.2
2022/3/15,0,0,3.1,5.6,14.7,19.3,8.2
2022/3/16,0,0,2.3,5.2,12.7,19.1,5.6
2022/3/17,0,0,4.7,7.4,11.3,16.7,8
2022/3/18,2,34.5,4.2,7.6,8.5,11.3,6.5
2022/3/19,2,8.5,2.6,4.6,7.7,11,4.2
2022/3/20,0.5,0.5,1.8,3.9,6.4,10.7,1.9
2022/3/21,0,0,1.9,5.1,8.1,12.9,3.9
2022/3/22,1,13.5,2.7,5.9,5.8,10.1,3
2022/3/23,0.5,1.5,1.7,4,6.4,11.3,1.2
2022/3/24,0,0,2.2,6.5,8.3,12.4,3.7
2022/3/25,0,0,3.2,7.3,11.3,16.5,3.4
2022/3/26,1,15.5,4.7,10.7,14.9,17.2,12.9
2022/3/27,0,0,2.7,5.8,13.4,17.6,9.6
2022/3/28,0,0,4.2,6.7,9.7,13.4,6.4
2022/3/29,0,0,1.6,3.7,9.7,14,5.5
2022/3/30,0,0,2.1,5,14.4,19.6,9.3
2022/3/31,0.5,1.5,3.2,6.7,11.9,14.5,7.3
2022/4/1,0.5,0,4.9,9.2,7.6,11.8,4
2022/4/2,0,0,1.7,4.1,6.7,11.9,1.6
2022/4/3,0,0,2.7,4.6,9.3,14.5,3.9
2022/4/4,0,0,3.4,6.3,10.7,17.9,6
2022/4/5,0,0,2.2,4.6,10.8,17.2,3.3
2022/4/6,0,0,2.4,4.6,14.1,19,10.5
2022/4/7,0,0,2.5,6.7,13.7,18.9,7
2022/4/8,0,0,2.2,4.8,13.5,18.7,7
2022/4/9,0,0,2.7,5.3,15.7,21.2,8.9
2022/4/10,0,0,2.6,5,17.3,23.6,10.5
2022/4/11,0,0,3.6,5.3,17.1,20.8,14.8
2022/4/12,0,0,3,5.7,18.7,24.7,14.6
2022/4/13,0,0,2.8,5.8,19.6,25.2,16.6
2022/4/14,2.5,9.5,3.2,5.9,16.9,21.6,13.7
2022/4/15,1.5,5.5,4.3,6.4,13.2,15.7,11.2
2022/4/16,0,0,4.3,7.3,11.1,15.4,6
2022/4/17,0,0,1.8,4.3,11.9,18.5,3.7
2022/4/18,0,0,2,5,14.6,18.8,8.8
2022/4/19,0,0,2.2,5.6,15.2,21.8,8.7
2022/4/20,0,0,2.3,5.6,15.8,22,7.5
2022/4/21,1.5,19.5,1.6,5.3,15.3,20.5,12.1
2022/4/22,0,0,2.6,4.7,16.5,20.7,13.9
2022/4/23,0,0,1.8,4.3,17.7,21.5,12.3
2022/4/24,1,7,1.7,4.1,17,18.6,15.5
2022/4/25,0,0,1.9,4.3,19.2,23.9,15.8
2022/4/26,3.5,15.5,5.6,11,19.7,21.8,17.6
2022/4/27,1.5,6.5,4.2,7,17.8,23.6,11.4
2022/4/28,0,0,3.1,6.1,16.9,23.9,10.2
2022/4/29,5.5,34.5,3.1,8.6,13.8,18.1,9.8
2022/4/30,0.5,0.5,3.2,6.1,13.1,18.8,9.1
2022/5/1,1.5,18.5,2,5.4,12.7,17.8,8.1
2022/5/2,0,0,2.4,6.5,11.6,18.2,5.5
2022/5/3,0,0,2,5.2,12.4,17.7,6.1
2022/5/4,0,0,2.6,4.7,16.3,21.9,8.8
2022/5/5,0,0,2.8,6,17.6,24,11.1
2022/5/6,0,0,2,5.5,18.7,23.7,14.7
2022/5/7,0,0,2.5,6.5,18.8,23.4,12.6
2022/5/8,0,0,4.4,6.4,15.6,21.5,11.2
2022/5/9,0,0,3.3,6,13.6,16.1,11.2
2022/5/10,0,0,2.2,4.2,16.4,22.6,8.6
2022/5/11,0.5,3,1.3,4.9,18.6,22.5,14.9
2022/5/12,1,14.5,1.4,3.5,18.7,20.6,17.2
2022/5/13,0.5,13.5,1.8,4,19,20.6,17
2022/5/14,1,7,2.5,4.9,18.3,22.3,13.4
2022/5/15,0,0,1.8,4.9,15.5,20.6,11.2
2022/5/16,0,0,1.8,4.6,15.9,19.8,11.6
2022/5/17,0,0,1.2,5.1,16.4,22.2,12.9
2022/5/18,0,0,2,5.3,17.9,23.4,10.2
2022/5/19,0,0,2.4,5.4,19.4,24.8,12.2
2022/5/20,0,0,1.9,4.6,19.4,22.6,15.8
2022/5/21,0.5,0.5,1.5,3.7,18.2,21.5,15.3
2022/5/22,1.5,1.5,2,4.5,19.2,24.2,13
2022/5/23,0,0,2.4,4.7,20.2,25.5,15.5
2022/5/24,0,0,2.6,5.2,20.5,26.1,13
2022/5/25,0,0,2.3,5,21.8,26.8,16.7
2022/5/26,1.5,6.5,3.7,7.7,20.9,24.7,17.7
2022/5/27,3,8.5,2.9,6.4,20.4,24.8,17.1
2022/5/28,0,0,2.8,7.2,21.1,25.9,14.5
2022/5/29,0,0,2.5,5,22.6,28.8,15.8
2022/5/30,1,5,2.6,6,20.3,23.9,16.6
2022/5/31,0.5,2,2.1,5.9,19.7,25.6,15.7
2022/6/1,0,0,1.4,3.3,19,24.8,11.7
2022/6/2,0,0,2.3,4.7,20.9,26.7,14.4
2022/6/3,0,0,2.7,5.4,21.5,26.5,16.3
2022/6/4,0,0,3.1,5.4,20.7,27.3,15.3
2022/6/5,1,11.5,2.4,5.4,19.2,23.6,15.8
2022/6/6,1.5,18,2.8,5.2,18.4,20.4,16.2
2022/6/7,0,0,2.6,5.1,18.2,23.3,14.3
2022/6/8,0,0,1.9,4.2,18.3,23.1,13
2022/6/9,0,0,2.6,4.5,20.7,26,14.6
2022/6/10,0,0,3.2,5.7,22.6,26.7,19.8
2022/6/11,0.5,1,2,3.8,20.7,23.3,18.2
2022/6/12,0,0,3.6,6.2,20.9,26.3,16.2
2022/6/13,0,0,2.3,4.7,20,25.1,14.6
2022/6/14,1,13,2.8,5.6,18.5,22.5,16
2022/6/15,0.5,1.5,2.1,4.7,19.7,24.1,16.3
2022/6/16,0,0,3.4,7.1,21.9,25.3,19.3
2022/6/17,0,0,3.2,6.4,23.7,28.7,20.1
2022/6/18,0.5,0.5,1.9,4.4,23.5,26.5,20.6
2022/6/19,0,0,3,4.5,23.4,27.3,20.3
2022/6/20,0,0,2.7,4.2,24.2,27.5,22.2
2022/6/21,1.5,14.5,2.4,5.6,22.7,23.6,21.9
2022/6/22,1,3.5,2,4.2,24.5,28,21.8
2022/6/23,0,0,3.8,8,26.3,30.8,23.4
2022/6/24,0,0,7.1,9.5,25.5,27.9,24
2022/6/25,0,0,3.3,6.1,25.5,30.2,22.9
2022/6/26,0,0,3.1,7.5,25.4,29.1,22.3
2022/6/27,0,0,2.9,5.5,26.6,31,23.6
2022/6/28,0,0,5.3,7.9,26.4,30.6,24
2022/6/29,0,0,4.2,6.3,26.7,30.7,23.8
2022/6/30,0,0,2.3,5,28,32.1,23.8
2022/7/1,0,0,2.2,5.1,29.1,35.2,23.5
2022/7/2,0,0,2.6,5,28,32.5,24.4
2022/7/3,1,4,4.3,7.8,25.8,28,24.5
2022/7/4,0.5,3,2.1,3.7,25,27.1,23.7
2022/7/5,3,13,2,5.7,25.5,30,23.4
2022/7/6,0.5,0.5,2,4.3,27.7,33.4,24.3
2022/7/7,0,0,2.4,5.3,27.4,33,22.9
2022/7/8,0,0,2.2,5.1,26,27.8,24.1
2022/7/9,3,4.5,4.2,6.2,26.4,29.7,24.2
2022/7/10,2.5,8,2.4,4.8,26.6,30.4,23.9
2022/7/11,0,0,2.4,4.5,27.2,30.9,24.8
2022/7/12,15,53.5,2.4,5.4,25.5,28,23.4
2022/7/13,0,0,2,4.7,25.4,29.5,22
2022/7/14,0.5,3,2.2,5.4,24.2,25.8,22.4
2022/7/15,0,0,2.7,5.6,25.7,29.2,23.2
2022/7/16,2.5,3,2.1,5.1,25.3,27.9,23.5
2022/7/17,0,0,2.6,5.7,25.9,29.4,22.9
2022/7/18,1,4.5,3.8,7.5,26.4,30.7,23.6
2022/7/19,12.5,53.5,3.8,7.4,25.6,26.6,24.4
2022/7/20,0,0,1.8,4.2,26.8,30.3,23.4
2022/7/21,6.5,15.5,2.8,7.4,26.1,29.2,23
2022/7/22,3.5,0,3.6,6.8,25.9,28.4,23.7
2022/7/23,0.5,0.5,1.9,3.7,24.9,29.5,21.4
2022/7/24,0,0,2.8,6.8,25.7,30.7,19.6
2022/7/25,0,0,2.3,5.4,27.9,31.9,25
2022/7/26,0,0,2,4,29.4,34.9,25
2022/7/27,0,0,2.5,5.6,27.8,31.7,25
2022/7/28,0,0,2.1,4.9,28.6,32.6,24.4
2022/7/29,0.5,0.5,1.9,5.5,29.1,34.1,25
2022/7/30,0,0,3.3,7.2,28.6,33.1,24.8
2022/7/31,0,0,3.7,6,28.5,31.7,25.7
2022/8/1,0,0,4.6,7.8,28.5,32.1,26.1
2022/8/2,0,0,3,5.5,28.9,32.4,25.6
2022/8/3,0.5,1,2.6,6.7,28.1,33.2,25.2
2022/8/4,0,0,2.3,6.7,27.6,31.8,24.4
2022/8/5,16.5,24.5,1.5,7.2,27,31.7,23.6
2022/8/6,0,0,2.2,4.7,27.3,31.7,24
2022/8/7,0,0,3,5.7,28.6,32.5,25.7
2022/8/8,0,0,3.6,5.6,29,32.5,26.6
2022/8/9,0,0,3.6,5.4,29.2,32.7,26.9
2022/8/10,0,0,3.5,6,29.1,32.9,26.6
2022/8/11,0,0,3.9,5.9,29.3,32.8,26.8
2022/8/12,0,0,2.5,5,29,32.4,26.4
2022/8/13,0,0,2.4,5.5,28.6,31.9,25.2
2022/8/14,0,0,3.3,5.8,28.5,31.3,26.5
2022/8/15,0,0,3.1,6.9,29,33.3,26.2
2022/8/16,2,2,3.6,7.2,28.8,32.4,26
2022/8/17,15.5,45,2.1,5.2,26.3,29,24
2022/8/18,1.5,7.5,3,6,25.3,29,21.3
2022/8/19,0,0,2.4,5.2,25.8,29.9,21.2
2022/8/20,7,12.5,2.3,5.9,27.6,31.1,24.3
2022/8/21,1,4.5,2.1,5.1,26.4,30.2,24.6
2022/8/22,0,0,2.3,5,27.9,32.4,23.9
2022/8/23,0,0,1.9,4.2,28.5,30.9,25.9
2022/8/24,0.5,0.5,2.9,4.6,26.2,29.5,23.8
2022/8/25,0,0,2,4.9,26.5,31.3,23.2
2022/8/26,0,0,2.1,4.4,26.6,30.2,23.9
2022/8/27,0,0,2.3,5.2,26.5,30,23.8
2022/8/28,0,0,3.6,5.4,24.4,28.9,20.2
2022/8/29,0,0,1.7,3.8,25.2,30.8,18.8
2022/8/30,1,3.5,1.4,3.2,25,27.4,22.7
2022/8/31,0,0,4.1,9,27.9,31.5,24.3
2022/9/1,6,18,3.2,5.8,25.4,29.2,21.7
2022/9/2,0.5,0.5,3.3,6.2,25.2,31.4,21.3
2022/9/3,0,0,2.1,4.9,26.5,31.4,22.4
2022/9/4,0,0,2.2,5.6,27.3,32.1,22.7
2022/9/5,0,0,3.3,7.5,27.7,31.4,23
2022/9/6,0,0,6.2,12,27.3,30.9,21.4
2022/9/7,0.5,0.5,4,6.2,24.8,29.9,21.1
2022/9/8,0,0,3.2,5.9,24,28.2,22.1
2022/9/9,0.5,2,2.7,4.3,24.4,28.3,21.6
2022/9/10,0,0,3.4,5.5,25.9,30.7,22.8
2022/9/11,0,0,1.6,3.8,26.9,31.3,22.4
2022/9/12,0,0,1.6,3.3,28,33.6,23.2
2022/9/13,0,0,3.1,5.1,28.2,34.7,23.3
2022/9/14,0,0,3.7,5.4,27.5,33.1,23.9
2022/9/15,0,0,1.7,4.7,27,32.5,22.8
2022/9/16,0,0,2.5,4.8,27,31.8,23.3
2022/9/17,0,0,4,6.1,26.3,28.6,23.9
2022/9/18,0,0,3.6,6,28.5,32.5,24.6
2022/9/19,8,35.5,7.2,13.5,27,29.6,23.3
2022/9/20,3,1,4.6,9,20.2,24.4,15.9
2022/9/21,0,0,2.9,6.4,18.7,23.7,15.3
2022/9/22,3.5,7.5,1.9,3.8,20.5,24.8,17.4
2022/9/23,0.5,5,1.5,4,22.4,24.5,20.3
2022/9/24,0,0,2.9,5.3,22.3,28.5,17.3
2022/9/25,0,0,1.8,3.8,20.8,27.3,15.7
2022/9/26,0,0,1.6,4.6,22.9,28.4,16.7
2022/9/27,4,13,2.7,5.6,21.2,27.3,18.3
2022/9/28,0,0,2.7,5.5,21.3,26.5,18.5
2022/9/29,0,0,2.3,4.5,21.4,25.6,18
2022/9/30,0,0,1.8,4,21.8,28.4,16.3
2022/10/1,0,0,1.9,4.4,21.8,27,16.2
2022/10/2,0,0,2,4.6,22.2,28.1,15.3
2022/10/3,0,0,2.7,5.9,23.1,27,18.6
2022/10/4,1,2,3.9,6.6,24.5,27.2,22
2022/10/5,0.5,1,4.3,7,18.7,23.4,15.6
2022/10/6,0,0,3.1,5.5,17.4,21.6,15.3
2022/10/7,1.5,32.5,1.2,2.3,15.7,17.1,13.4
2022/10/8,0,0,3,6.1,16,20.1,11.4
2022/10/9,1.5,34.5,1.9,4.9,14.7,18.2,11
2022/10/10,3,10.5,1.7,6.2,17.5,20.4,14.5
2022/10/11,0,0,2.2,4.5,15.9,21,12.4
2022/10/12,0,0,2.4,4.9,16.2,19.1,13.2
2022/10/13,0,0,3.3,5.3,18.7,24.4,14.5
2022/10/14,0,0,2.9,4.5,19.3,25.1,14.8
2022/10/15,0,0,2.2,4.1,19,26,13.6
2022/10/16,0,0,1.6,4,20.4,25.9,14.2
2022/10/17,1,6,1,3.4,19.3,21.7,17.2
2022/10/18,0,0,3.1,7,15.5,18.4,11.5
2022/10/19,0,0,2.4,4.7,14.3,20.3,9.6
2022/10/20,0,0,1.7,4,14.8,20.8,8.6
2022/10/21,0,0,2,4.6,15.8,21.4,8.6
2022/10/22,0,0,2.2,5.2,19.6,23.2,16
2022/10/23,0,0,1.9,4.4,17.8,23.5,13.5
2022/10/24,0,0,2.7,5.5,13.7,19,9.8
2022/10/25,0,0,3.1,7.3,11.9,17,8.5
2022/10/26,0,0,2,5.7,12.7,19.4,6.8
2022/10/27,0,0,1.3,2.4,12,17.7,7.4
2022/10/28,0,0,2.2,4.8,14.2,21.3,7.3
2022/10/29,0,0,2.9,6,13.5,18.4,8.8
2022/10/30,0,0,1.7,5,12.4,18.8,6.8
2022/10/31,0,0,1.9,4.9,14.2,21.4,7.3
2022/11/1,1,5,1.8,4,14.5,16.4,13.3
2022/11/2,0,0,2.1,3.9,16.3,22.1,12.3
2022/11/3,0,0,2,5.6,15.1,20.8,9.4
2022/11/4,0,0,2.1,5.1,14.4,20.1,10.5
2022/11/5,0,0,2,4.8,12,17.8,7.3
2022/11/6,0,0,1.8,3.8,12.2,18,7.2
2022/11/7,0,0,1.8,3.9,12.1,18.7,6.1
2022/11/8,0,0,1.5,4.9,12.4,19.3,6.6
2022/11/9,0,0,1.4,3.8,12.3,18.4,7.1
2022/11/10,0,0,1.6,4.2,13.4,20.1,7.1
2022/11/11,0,0,1.6,4.2,14.3,20.8,8.8
2022/11/12,0,0,1.9,4.4,16.1,22.1,9.1
2022/11/13,1.5,10.5,2.9,6.4,17.3,19.4,13.9
2022/11/14,0,0,2.6,5.7,12.3,15.7,7.3
2022/11/15,0,0,1.6,4.9,11.1,16.8,5.1
2022/11/16,0,0,1.8,5.7,11,17.4,5.3
2022/11/17,0,0,1.2,2.9,10.1,15.6,4.5
2022/11/18,0,0,1.4,2.9,10.6,17.8,5
2022/11/19,0,0,2,6,11.4,17.7,5
2022/11/20,0.5,2,2.1,4.1,13.2,17.8,7.1
2022/11/21,1.5,6.5,1.3,3.3,14.2,19.3,11.4
2022/11/22,0,0,2,5.4,13.2,17.9,8.7
2022/11/23,2.5,18.5,1.7,3.8,12.4,13.9,10.8
2022/11/24,0,0,1.9,5,12.2,17.2,9.1
2022/11/25,0,0,1.4,4.1,11.4,16.6,6
2022/11/26,0,0,1.2,2.6,12.7,17.1,8.6
2022/11/27,0,0,2.2,5,12.2,16.9,8.6
2022/11/28,0,0,1.7,5,13,18.8,7.4
2022/11/29,4.5,34.5,4.1,8.1,17.9,20,14.1
2022/11/30,0.5,2.5,2.6,5.3,11.9,15.5,6.3
2022/12/1,0,0,1.8,5.7,6.5,10.2,3.8
2022/12/2,0,0,1.3,4.6,4.9,10.9,1.4
2022/12/3,0,0,1.4,3.7,5.2,10.4,-0.4
2022/12/4,0,0,1.5,3.5,8.5,12.8,4.2
2022/12/5,0.5,0.5,1.4,2.8,8.1,11.1,5.5
2022/12/6,0,0,1.7,5,6.3,12.3,1.4
2022/12/7,0,0,1.4,4.5,6.4,10.5,1.6
2022/12/8,0,0,1.6,4.6,7.7,13.8,3
2022/12/9,0,0,1.4,3.6,7.3,13.4,1.3
2022/12/10,0,0,1.2,2.5,8.6,15.1,2.3
2022/12/11,0,0,2.6,6.5,8.6,14.1,6.1
2022/12/12,0,0,2.1,4.7,7.8,12.4,3.1
2022/12/13,1,4,2.3,5.5,9.1,13.6,5.5
2022/12/14,0,0,4.7,8.3,5.7,9.6,0.1
2022/12/15,0,0,2,5.3,2.7,7.6,-1.2
2022/12/16,0,0,1.8,4.8,4.9,10.3,0.2
2022/12/17,0.5,2.5,1.2,3.3,3.3,5.3,1.2
2022/12/18,0,0,3.3,7.6,0.8,4.1,-2.1
2022/12/19,0,0,2.7,6.5,0.5,5,-3.4
2022/12/20,0,0,1.5,5,2.2,8.2,-2.4
2022/12/21,0.5,3,1.5,3.2,4.3,8.7,-2.1
2022/12/22,2,11,3.1,7.9,5.5,8.6,-0.2
2022/12/23,0,0,5.4,9.9,0,2.7,-1.6
2022/12/24,0,0,3.1,6,1.5,7,-2
2022/12/25,0,0,1.8,7.1,3.6,9,-0.6
2022/12/26,0,0,1.4,4.1,3,7.1,-0.3
2022/12/27,0,0,1.4,4.9,4.4,9.2,-0.1
2022/12/28,0,0,1.5,4.9,4,9.5,-1.6
2022/12/29,0,0,2.4,6.2,4.3,8.7,-0.1
2022/12/30,0,0,1.8,5.5,3.7,8.7,-0.6
2022/12/31,0,0,1.8,5.8,4.4,8.9,0.1
2023/1/1,0,0,1.9,6.2,4.3,9.2,-0.3
2023/1/2,0,0,1.5,4,4.2,8.9,0.5
2023/1/3,0,0,1.8,5.1,3.7,9.2,-1.4
2023/1/4,0,0,2.6,6.6,3.9,9.3,0
2023/1/5,0,0,1.5,4.9,3.5,9,-1.3
2023/1/6,0,0,1.4,3.6,4.5,8.5,1
2023/1/7,0.5,0.5,1.4,3.9,3.5,8.5,-0.1
2023/1/8,0,0,1.5,5.3,5.3,11.3,0.8
2023/1/9,0,0,1.6,5.2,5.9,9.9,0.2
2023/1/10,0,0,3.1,7.5,4.4,7.7,-0.2
2023/1/11,0,0,1.4,3.7,2.4,9.4,-2.9
2023/1/12,0,0,1.6,3.7,5.5,12.7,-1.5
2023/1/13,1.5,21,3.4,7.7,9.8,15.1,2.6
2023/1/14,1,14,1.8,5.2,12.4,13.8,11.1
2023/1/15,0,0,2.3,4.6,9.7,12.4,6.8
2023/1/16,0,0,3.6,7.2,6.7,9.9,2.3
2023/1/17,0,0,1.5,5.6,4,8.8,-0.3
2023/1/18,0.5,1,1.4,4.5,4.4,9.5,0.6
2023/1/19,0,0,1.3,3.7,3.9,9.1,-0.5
2023/1/20,0,0,2.6,7.9,4.5,9.7,-0.4
2023/1/21,0,0,1.8,5.5,2.1,6.8,-1.2
2023/1/22,0,0,1.2,3,2.8,7.9,-3.3
2023/1/23,0.5,2,1.4,3.9,4.2,7,1.7
2023/1/24,0.5,1.5,3.7,10.2,1.9,6.5,-3.7
2023/1/25,0.5,0.5,2.4,5.6,-2.1,1.9,-6.2
2023/1/26,0,0,1.7,5.8,-0.1,3.9,-4.5
2023/1/27,0.5,2,1.9,6.1,1.1,4.3,-0.8
2023/1/28,0.5,0.5,2.9,7,0.7,4.5,-1.6
2023/1/29,0,0,2.6,6.9,0.6,5.5,-3.9
2023/1/30,0,0,2.7,7.2,2.2,7.5,-1.7
2023/1/31,0,0,1.7,4.2,1.5,5.5,-2.9
2023/2/1,0,0,2.1,5.6,5.1,9.1,-1.8
2023/2/2,0,0,3.1,5.5,3.8,6,1.6
2023/2/3,0,0,1.3,3.5,3.5,7.8,-0.3
2023/2/4,0,0,2,5.5,3.6,8.4,-2
2023/2/5,0,0,1.4,4.7,3.7,9.2,-1.5
2023/2/6,0,0,1.7,4,4,8,-1.6
2023/2/7,0,0,1.3,3.7,7.4,10.7,3.7
2023/2/8,0,0,1.9,5.6,5.8,11.6,1.9
2023/2/9,0,0,3.2,6.2,4,8,0.9
2023/2/10,0.5,5.5,2.1,4,4.4,7.1,1.5
2023/2/11,0,0,2.3,5.3,7.1,11.6,3.1
2023/2/12,0,0,1.5,3.1,7.9,15,1.1
2023/2/13,0.5,5.5,3.8,8.2,7.3,9.4,4.5
2023/2/14,0,0,3.3,8,3.5,7.1,0.3
2023/2/15,0,0,3.2,6.5,0.8,4.8,-1.7
2023/2/16,0,0,1.6,4.5,1.7,4.6,-0.9
2023/2/17,0,0,1.7,5.3,3.5,8.6,-3.6
2023/2/18,0,0,1.1,2.5,7.2,11.1,2.5
2023/2/19,1,9,2,5,9.4,12.8,5.8
2023/2/20,0,0,2.7,6.5,5.5,10.4,0.9
2023/2/21,0,0,3,8.1,1.2,5.3,-1.4
2023/2/22,0,0,1.3,4.1,3.2,8.6,-0.5
2023/2/23,0,0,1.5,4.4,5.7,10,1.4
2023/2/24,0.5,6.5,1.1,3,5.5,6.9,3.4
2023/2/25,0,0,3.3,6.6,3.4,7.7,-1
2023/2/26,0,0,2.3,7,2.1,6.7,-2.4
2023/2/27,0,0,1.7,5.9,4.4,10.8,-1.4
2023/2/28,0,0,2.2,4.5,7.2,13.1,-0.8
2023/3/1,0.5,1.5,3.1,6.9,11,16.5,3.4
2023/3/2,0.5,1.5,3.3,8.4,6.8,10.2,2.3
2023/3/3,0,0,1.7,5.5,4.6,8.8,0
2023/3/4,0,0,2.2,5.3,6.7,14.2,0.6
2023/3/5,0,0,2.9,5,7.2,13.2,2.9
2023/3/6,0,0,1.8,4.2,7.3,13.2,0.1
2023/3/7,0,0,1.8,4,9,15,1.3
2023/3/8,0,0,2,4.6,11,17.2,3.7
2023/3/9,0,0,2.9,6.5,13.2,17.9,7
2023/3/10,0,0,2.4,5.2,14.7,19.6,9.9
2023/3/11,0,0,2,5.2,14,21.6,6.2
2023/3/12,0,0,4.6,9.9,15.4,19.9,10.1
2023/3/13,1,3.5,3.7,9.7,8.5,15.6,3
2023/3/14,0,0,1.5,5.2,6.7,12.9,0
2023/3/15,0,0,2.8,6.8,10.9,17.4,2.2
2023/3/16,0,0,2.8,5.4,14.4,19.4,9.9
2023/3/17,0.5,4.5,3.9,6.2,10.4,14.8,7
2023/3/18,1,20.5,3.1,5.5,8.1,12.5,5.2
2023/3/19,0,0,1.7,5.6,8.5,14.2,2.8
2023/3/20,0,0,2.2,4.9,10.8,17,3.2
2023/3/21,1.5,3,1.4,3,11.7,14.9,9
2023/3/22,0,0,1.8,4.3,15.2,22,8.5
2023/3/23,2.5,22,2.6,6.4,16.2,19,12.3
2023/3/24,0,0,3.6,6.6,15.1,19.1,11.1
2023/3/25,0.5,3,4,6.8,10.6,14.5,6.5
2023/3/26,1,16.5,2.3,4.5,9.1,10.7,7.4
2023/3/27,0,0,2.3,5.1,9.8,15.7,5.6
2023/3/28,0,0,2.7,4.9,10.1,17.5,3.7
2023/3/29,0,0,2.4,4.4,10.8,17.6,3.9
2023/3/30,0,0,1.7,4.7,11,16.5,3.1
2023/3/31,0,0,1.7,4.7,13.3,19.8,6.8
2023/4/1,0,0,2.7,6.2,14.2,22.6,6.2
2023/4/2,0,0,5,7.1,13.1,20.5,8.5
2023/4/3,0,0,4.3,6.2,12.4,19.4,7.7
2023/4/4,0,0,3,5.3,13.2,19,5.7
2023/4/5,0.5,2.5,4.1,7.4,14.7,17.4,12.3
2023/4/6,0.5,2,6.6,10,16.2,18.6,13.3
2023/4/7,2.5,47.5,4.9,9.3,14.8,17.4,10.5
2023/4/8,0,0,3.1,9.3,10.2,15.3,6.4
2023/4/9,0,0,1.9,5.4,10.2,15.6,3.9
2023/4/10,0,0,3.1,6.3,13.6,18.6,6.3
2023/4/11,0,0,5,10.3,16.5,19.9,12.5
2023/4/12,1,3.5,3.1,5.6,13.9,17.6,9.1
2023/4/13,0,0,2,5.2,12.4,18.7,4.6
2023/4/14,1,5,2,5,15,19.5,9.9
2023/4/15,1,26,1.8,4.9,13,14.7,10.2
2023/4/16,1.5,3,3.5,7.3,13.4,17.3,9.3
2023/4/17,0.5,0.5,2.2,5.9,12.2,17.7,7.6
2023/4/18,0.5,0.5,3.8,9.2,14,18.9,6.8
2023/4/19,1,3.5,1.4,3.7,16.4,18.4,14.3
2023/4/20,0,0,2.1,4.8,17.9,23.9,13.4
2023/4/21,0,0,3.3,8.4,16.7,25.2,11
2023/4/22,0,0,5.1,8.1,12.5,17.8,8.6
2023/4/23,0,0,4.2,6.8,12.9,20.5,7.2
2023/4/24,0,0,3.8,5.6,11.5,14.5,8.3
2023/4/25,1,9,1.6,3.2,10.7,14.1,7.3
2023/4/26,5,28,2,5,13,16.3,9
2023/4/27,0,0,1.7,5.5,13.2,18.2,7
2023/4/28,0,0,2.9,6,15.5,21.4,9.6
2023/4/29,1.5,13,4.5,7.9,17.3,20,13
2023/4/30,1.5,14,3.7,9.2,16.6,19.3,12.4
2023/5/1,3.5,4.5,2.7,7.1,13.9,20.1,7.7
2023/5/2,0,0,2.8,6.1,14.4,21.4,7.2
2023/5/3,0,0,3.1,5.9,15.9,21.6,7.8
2023/5/4,0,0,3.2,5,18.4,22.6,14.8
2023/5/5,0,0,6.1,9.7,19,21.6,16.6
2023/5/6,0.5,5,7.2,10.3,19.5,22.3,17.9
2023/5/7,4.5,90,3.8,7.4,16.8,19.8,12.4
2023/5/8,2,13.5,4.7,8.6,13.9,17.8,10.3
2023/5/9,0,0,2.3,5.5,14.7,21.1,8.5
2023/5/10,0,0,2.3,5.2,16.4,24,8.3
2023/5/11,0,0,3.9,5.9,17.3,24.1,11.8
2023/5/12,0,0,2.5,5.3,16.5,23.4,8.4
2023/5/13,0.5,10,2.3,7.3,16.1,21,13.2
2023/5/14,1.5,7,1.7,4,16,19.6,13.9
2023/5/15,0,0,1.7,4.7,17.8,22.7,13.5
2023/5/16,0,0,2.1,5.2,18.9,24.5,11.6
2023/5/17,0,0,2.5,4.6,21.9,27.6,15
2023/5/18,0.5,0.5,4.4,8.7,20.8,25.4,18.1
2023/5/19,3.5,49.5,2.5,7.2,17.5,18.9,16.1
2023/5/20,0,0,3,6,18.1,23,14.7
2023/5/21,0,0,2.1,5.1,19.7,25.1,13.1
2023/5/22,1,3,2.4,7.6,19.2,26.5,13.5
2023/5/23,0,0,2.5,4.7,14.6,16.8,13.5
2023/5/24,0,0,4.1,6.1,18,23.1,13.7
2023/5/25,0,0,2.6,6.7,17.6,22.7,12.6
2023/5/26,0,0,3.3,6.8,20.1,24.4,17.3
2023/5/27,0,0,2.3,5,20.7,25,16.8
2023/5/28,0,0,3.2,6.6,21,23.7,18.8
2023/5/29,1.5,22,3.2,6.1,20.7,21.7,19.8
2023/5/30,1.5,24.5,2.6,4.2,19.6,23.8,17.4
2023/5/31,0.5,0.5,2.2,3.8,18.6,24.2,14.7
2023/6/1,1.5,12.5,2.4,5.5,19,23,12.5
2023/6/2,3.5,86.5,2.3,4.4,20.8,21.6,19.7
2023/6/3,0,0,3.6,6.5,20.4,25.1,14.5
2023/6/4,0,0,2.1,4.7,19.2,23.4,12.5
2023/6/5,0,0,1.9,4.2,20.5,25.4,15.1
2023/6/6,0.5,3.5,2.2,5.9,18.2,21.2,16.4
2023/6/7,0.5,0.5,1.7,4.9,19.9,23.8,16.4
2023/6/8,2,16.5,2,5.4,19.1,22.5,15.5
2023/6/9,3.5,9.5,2.6,5.9,20.8,24.5,18.5
2023/6/10,0.5,0.5,2.2,6.7,20.9,23.6,17.3
2023/6/11,0.5,9,2.1,5.8,20.6,23,19.1
2023/6/12,2.5,9.5,1.4,3.5,21.4,23.8,19.6
2023/6/13,0,0,2,5,23,26.7,19.4
2023/6/14,0.5,1,1.9,5.2,22.5,25.3,20.9
2023/6/15,0,0,1.7,5.1,21.7,25.1,19.3
2023/6/16,0,0,2.3,5.8,21.6,25.5,16.3
2023/6/17,0,0,2.3,4.5,23.2,28,17.7
2023/6/18,0,0,1.5,3.3,22.8,26.6,18.9
2023/6/19,0,0,3.7,6.1,23.1,29.1,18.3
2023/6/20,0,0,3.1,5.9,22.9,28.2,17
2023/6/21,0,0,3.3,6.9,22.8,25.4,21
2023/6/22,4,25.5,2.1,5.1,20.2,22.9,17.7
2023/6/23,0,0,2.1,4.6,22.3,25.1,19.9
2023/6/24,0,0,2.1,4.6,23.5,26.8,20.6
2023/6/25,0,0,1.7,3.8,23.1,26.9,19.4
2023/6/26,0.5,1,1.4,3.2,23.4,25.5,21.5
2023/6/27,0,0,2.6,4.7,25.8,30.4,23
2023/6/28,0.5,1,2.5,6,25,29.1,23.2
2023/6/29,0.5,1,2.8,5.9,26,30,23.2
2023/6/30,2.5,8,4.3,7.2,24.9,27.2,22.9
2023/7/1,6,28,2.4,4.7,23.1,24,22.3
2023/7/2,0,0,1.9,4.4,25.2,29.2,22.5
2023/7/3,0,0,1.8,4.2,25.5,28.8,22.5
2023/7/4,0,0,2.4,5.2,25.8,30.9,21
2023/7/5,2.5,16.5,3.8,6.3,24.3,26.4,23.1
2023/7/6,0,0,2.3,5,26,30,23
2023/7/7,1,2,2.8,6.4,25.8,30.3,21.2
2023/7/8,0,0,5.3,7.2,25.5,26.7,24.2
2023/7/9,2.5,19,2.4,4.5,25,27.3,23.4
2023/7/10,1,2,2.6,6,25.4,28.5,22.8
2023/7/11,0,0,3.2,6.5,26.8,30.8,22.9
2023/7/12,7.5,9,2.8,6.9,26.7,30.6,24.5
2023/7/13,9.5,15.5,2,5.3,25.3,27.2,23.7
2023/7/14,0,0,3.6,7.4,25.7,27.9,23.8
2023/7/15,0,0,4.9,7.7,26.9,30.3,25.1
2023/7/16,0,0,4,5.7,27.8,32,25.3
2023/7/17,0,0,2.2,4.2,28.1,31.8,24.4
2023/7/18,0,0,1.7,3.9,28.4,33.5,22.9
2023/7/19,13.5,29,3.4,6.3,26.7,30.7,23.1
2023/7/20,0,0,3.1,5.2,26,32,21.9
2023/7/21,0,0,2.4,4.9,26.5,32,21.4
2023/7/22,0,0,2.5,5.3,27.2,32.1,23.8
2023/7/23,0,0,2.8,5.7,27.4,31.9,23.8
2023/7/24,0,0,3,5.6,27.4,31.6,23.5
2023/7/25,0,0,2.6,4.2,28.2,32.6,25.3
2023/7/26,0,0,1.8,4.4,28.6,32.4,25
2023/7/27,0,0,1.7,4,29.2,34.2,24.5
2023/7/28,0,0,2.1,4.7,29,33.7,25
2023/7/29,0,0,2.7,5,28.5,33,25.9
2023/7/30,0,0,2.6,4.8,28.6,33.6,25.3
2023/7/31,0,0,2.2,3.8,28.3,31.2,25.7
2023/8/1,0,0,2.9,5.6,29,33.1,25.6
2023/8/2,0,0,3.4,6.2,28.6,33,24.7
2023/8/3,0,0,4,7.4,28.3,32,25.8
2023/8/4,0,0,3.1,5.4,28.7,33.1,26
2023/8/5,0,0,2.3,6.5,29.3,35,25
2023/8/6,0.5,1,2,4.7,29.9,36.1,25.7
2023/8/7,0,0,2,4.7,28.4,32.8,25.6
2023/8/8,0,0,2.7,5,30,34.8,26.8
2023/8/9,3,6,2.5,6.4,29.6,35.4,26.7
2023/8/10,0,0,3.3,7.9,29.8,34.6,26.2
2023/8/11,0,0,2,5.4,28.9,32.9,24.9
2023/8/12,0,0,2.6,5.7,29,33.3,24.6
2023/8/13,0,0,3.1,5.9,29.6,36.9,24.6
2023/8/14,0.5,1,4.1,7,28.2,31.7,26
2023/8/15,3.5,104,7.1,12.6,25.1,26.2,24.2
2023/8/16,0,0,4,6.6,27.8,31.4,25.3
2023/8/17,0.5,2.5,2.4,5.1,25.9,26.8,25
2023/8/18,0.5,0.5,2.2,5.3,27.3,32.2,24.3
2023/8/19,0,0,2.2,4,28.5,32.4,25.8
2023/8/20,0,0,1.9,5.4,29.1,32.9,25.3
2023/8/21,0,0,2.1,4.5,29.1,33.6,25.7
2023/8/22,0,0,1.5,4.1,27.7,33.6,24.8
2023/8/23,2.5,5.5,1.9,5.6,28.1,34.5,25.1
2023/8/24,2,4,2.3,5.6,26.7,31,24.5
2023/8/25,0,0,2.6,6.2,27.5,31.2,24
2023/8/26,11.5,39,1.8,4.7,27.1,33.5,23
2023/8/27,0,0,2.1,4.6,27.2,31.6,22.8
2023/8/28,0,0,2,4.1,27.7,32.3,23.7
2023/8/29,0,0,3.1,6.6,28.1,32,25.2
2023/8/30,0,0,2.2,5.1,27.4,31.6,23.9
2023/8/31,0.5,2,2.3,6.3,27,30.2,24.8
2023/9/1,0,0,2.3,6.1,27.1,30.8,23.8
2023/9/2,0,0,1.6,3.4,26.7,29.4,23.2
2023/9/3,0,0,2.5,4.3,28.5,35.1,23.2
2023/9/4,0,0,3.5,6.5,28.7,34.6,24.8
2023/9/5,0.5,1,3.4,6.8,27.7,31.6,24.2
2023/9/6,0,0,2.6,5.5,26.8,30.9,24.4
2023/9/7,4.5,7,3.7,7.2,25.7,31.5,21.7
2023/9/8,1,4,2.6,5,24.5,29.5,21.2
2023/9/9,0,0,1.5,3.3,24.8,29.6,20.5
2023/9/10,5,10,2,4.8,25.4,31.7,22.1
2023/9/11,6,13.5,1.9,5.4,24.2,27.7,21.6
2023/9/12,0,0,1.8,4,25.6,30,21.9
2023/9/13,0,0,2.3,4.8,26.4,30.7,22.4
2023/9/14,0,0,2.5,6,26.8,29.9,23.9
2023/9/15,0,0,2.1,4.1,27.5,31.1,25.5
2023/9/16,0,0,2.3,4.2,27.4,31.7,25.1
2023/9/17,0,0,3.3,6,27.3,31,24.7
2023/9/18,0,0,3.2,5.3,27.4,31.3,25.5
2023/9/19,0,0,2.6,5,27,30.5,24.8
2023/9/20,2,2,2.2,7.1,26.6,28.9,24.6
2023/9/21,0,0,4.8,7.6,26.7,30,23.3
2023/9/22,0.5,1,2.9,4.7,23.7,26.7,21.6
2023/9/23,0,0,3.4,6.5,22.8,27.5,19.9
2023/9/24,0,0,3.3,5.9,23.7,29.1,20.2
2023/9/25,0,0,1.8,4.5,24.5,30,20.7
2023/9/26,0,0,1.6,3.9,25.2,30.3,21.9
2023/9/27,0,0,2.4,4.9,25.9,29.1,23.6
2023/9/28,0,0,3.3,6.9,25.8,28.9,22.7
2023/9/29,0,0,2.1,4.5,24.5,30.4,20.3
2023/9/30,0,0,2.5,4.5,23.8,28.1,18.4
2023/10/1,0.5,1,2.1,4,22.4,26,18.1
2023/10/2,0,0,2.5,5.9,20.2,25.8,15.9
2023/10/3,0,0,1.8,3.3,19.3,24.5,12.8
2023/10/4,0,0,1.7,4.7,20.7,26.2,16.2
2023/10/5,0,0,2.3,6.3,18.7,22.6,14.6
2023/10/6,0,0,2.4,6.1,17.4,23.1,13.3
2023/10/7,0,0,2.5,6.5,17.6,22.8,13.6
2023/10/8,0.5,6.5,1.7,4.3,16.5,20.2,14.9
2023/10/9,1.5,8,2,4.1,18.2,22,14.5
2023/10/10,0,0,2.6,6.4,19.2,24.2,15
2023/10/11,0,0,2.4,5.8,17.5,23.8,13.4
2023/10/12,0,0,2.7,5.7,17.3,23.9,11.7
2023/10/13,0,0,2.5,5.8,16.8,23.1,10.5
2023/10/14,1,10.5,1.7,4.5,16.5,20.9,12.9
2023/10/15,0.5,0.5,2.3,5.6,17.9,22.5,14.8
2023/10/16,0,0,1.8,4.4,18,23.3,13.6
2023/10/17,0,0,1.8,3.9,17.9,23.6,12.7
2023/10/18,0,0,1.8,4.1,18.1,24.1,12.1
2023/10/19,0,0,2.2,4.9,19.8,24.1,15.3
2023/10/20,1,2.5,2.6,5.5,18.2,22.5,13.2
2023/10/21,0,0,2.2,5.3,13.4,18.5,9.9
2023/10/22,0,0,1.6,4,13.4,18.3,7.8
2023/10/23,0,0,1.7,3.9,15.3,21.7,9.9
2023/10/24,0,0,1.7,3.6,16.3,22.6,10.2
2023/10/25,0,0,1.8,4.4,16.4,22.1,11.7
2023/10/26,0,0,1.5,5,15.8,21.6,10.4
2023/10/27,0.5,1.5,2,8.5,14.9,21.7,10.7
2023/10/28,0,0,2.2,5.7,14,20.3,9
2023/10/29,0,0,2.4,7.1,13.6,19,9
2023/10/30,0,0,1.9,5.6,13.9,19.5,8.2
2023/10/31,0,0,1.6,3.8,14.8,21,9.7
2023/11/1,0,0,1.9,4.2,14.9,20.3,9.2
2023/11/2,0,0,1.5,4.2,17.2,23.4,11.7
2023/11/3,0,0,1.6,3.1,17.7,24.5,11.2
2023/11/4,0,0,1.5,3.5,18.7,24,13.9
2023/11/5,0,0,1.7,3.9,19.5,26.9,13.6
2023/11/6,2.5,6.5,4.1,9.4,21.1,24.5,17.4
2023/11/7,4.5,8,4,9.2,16.9,20.5,11.5
2023/11/8,0,0,1.9,4.4,14.1,20.8,8.6
2023/11/9,0,0,1.6,4.4,16.4,22.6,10.2
2023/11/10,2,21.5,1.7,5.4,16.1,17.4,13.8
2023/11/11,0,0,3.9,6.7,11.9,14.8,9
2023/11/12,0,0,2.2,7.3,10.8,13.7,8.7
2023/11/13,0,0,3,6.8,7.9,12.2,4.8
2023/11/14,0,0,1.5,4.3,8.7,14.6,2.7
2023/11/15,0,0,1.5,2.9,9.6,15.7,4.1
2023/11/16,0.5,4.5,1.6,4.4,11,16.7,4.4
2023/11/17,2,34,2.6,7,11.1,15.5,7.5
2023/11/18,0.5,0.5,4.8,8,7.5,9.9,6.1
2023/11/19,0,0,2.3,7.3,10.1,14.1,5.2
2023/11/20,0,0,2.2,6.3,10.5,16.2,5.9
2023/11/21,0,0,1.5,3.1,9,16,3.2
2023/11/22,0,0,1.4,3.2,10.7,18,4.3
2023/11/23,0,0,2.3,5.1,13.4,19.1,7
2023/11/24,0,0,3.6,6.8,12.8,16.8,5.3
2023/11/25,0,0,2,5.4,6.8,11.7,3.6
2023/11/26,0,0,1.4,3.4,7,13,1.8
2023/11/27,0,0,1.2,2.5,8.3,12,3.2
2023/11/28,1,1.5,2.3,7.3,9.6,14.7,4.7
2023/11/29,0,0,1.9,5.7,7.6,13.5,1.7
2023/11/30,0,0,2.3,5.6,8,12.8,3.2
2023/12/1,0,0,2.4,5.5,5.4,10.4,1.8
2023/12/2,0,0,1.9,6.3,5.5,11.5,0.9
2023/12/3,0,0,2.2,5.5,6.5,13.3,2.1
2023/12/4,0,0,1.5,3.3,5.8,11.9,1
2023/12/5,0.5,2.5,1.5,2.8,6.7,9.5,3.2
2023/12/6,0.5,1.5,1.8,4,9.4,12.9,5.3
2023/12/7,0,0,3.2,8,10.1,13.9,4.5
2023/12/8,0,0,1.6,3.9,8.2,14.6,1.4
2023/12/9,0,0,1.3,3.4,10.5,17,4.4
2023/12/10,0,0,1.5,3.7,11.8,18,5.6
2023/12/11,1.5,7,3.4,6.1,12.5,15.8,10.6
2023/12/12,1.5,3.5,2.8,6.7,12.2,15.8,9.6
2023/12/13,0,0,2.6,5.4,9.1,13.6,5.4
2023/12/14,0.5,1,1.3,3.2,9.5,14.8,3.4
2023/12/15,0.5,2.5,2.1,5.6,13.7,18.4,9
2023/12/16,1,5.5,4,8.3,13.1,16.3,7
2023/12/17,0,0,4.6,8.6,3,7,-0.4
2023/12/18,0,0,1.8,4.7,3.1,7.8,-1.5
2023/12/19,0,0,1.1,3.4,4.9,7.3,2.2
2023/12/20,0,0,2,6.7,4.7,9.3,0.7
2023/12/21,0,0,3.2,7.1,1.6,4.2,-1.9
2023/12/22,0,0,3.8,7.8,-0.1,3.3,-3.2
2023/12/23,0,0,2,5.3,1.6,7.1,-2.9
2023/12/24,0,0,1.9,5.7,3.9,8.4,0
2023/12/25,0,0,2.2,5.4,4.6,9.3,0.1
2023/12/26,0,0,1.8,5.9,4.3,9.3,-0.5
2023/12/27,0,0,1.6,3.8,7.2,12.1,4.2
2023/12/28,0,0,1.8,4.3,6.3,11.4,1.6
2023/12/29,0,0,1.5,3.5,6.9,12.5,2.9
2023/12/30,0,0,1.6,3.5,7.1,12.9,0.4
2023/12/31,0,0,2.7,6.8,9.5,11.6,6.8
2024/1/1,0,0,2.7,6.6,6.5,10,1.9
2024/1/2,0,0,1.5,3.3,4.3,10.4,-1.2
2024/1/3,0,0,1.6,3.1,7.4,10.9,2.5
2024/1/4,0,0,2.6,5.1,6.9,11.1,2.4
2024/1/5,0,0,2.2,6,6.1,10.5,0.4
2024/1/6,0,0,2.5,4.2,8.8,13.1,5.7
2024/1/7,0,0,3.2,6.9,4.5,8.4,1.1
2024/1/8,0,0,1.9,5.1,1.7,6.1,-1.9
2024/1/9,0,0,1.7,4.6,3.4,8.2,-2.6
2024/1/10,0,0,2.5,6.2,4.6,8.5,0.3
2024/1/11,0,0,2.3,4.8,5.4,10,2.8
2024/1/12,0,0,1.8,5.8,6.6,10.2,2.5
2024/1/13,0,0,2.7,8.8,4.2,11.3,0.7
2024/1/14,0,0,1.5,4.4,2.6,8.3,-2.8
2024/1/15,0.5,0.5,2.8,7.3,4.3,7.1,1.2
2024/1/16,0,0,2.5,5.9,2.6,5.7,0.2
2024/1/17,0,0,1.5,3.4,3.8,9.5,-2.8
2024/1/18,0.5,1.5,1.2,2.4,7.5,10,4.8
2024/1/19,0.5,0.5,3.7,6.7,8.3,11,5.6
2024/1/20,0.5,0.5,2.8,4.7,8.2,10.8,5.7
2024/1/21,1.5,8,3.1,6.4,9.7,12.7,6.4
2024/1/22,0,0,2.1,6,7.4,10.4,4.9
2024/1/23,0,0,5.1,7.4,2.2,5.3,-1.2
2024/1/24,0,0,4.8,8.2,-0.2,4.9,-2.7
2024/1/25,0,0,1.8,5.3,0.7,5.2,-3.4
2024/1/26,0,0,1.8,3.8,2.9,6.8,-0.6
2024/1/27,0,0,1.4,3.7,4.3,8.9,0.6
2024/1/28,1,2,1.5,4.4,4.1,9.8,0.3
2024/1/29,0,0,1.4,4.3,4.4,9.7,0.3
2024/1/30,0,0,1.4,4.2,4.9,11.3,-1.3
2024/1/31,1,3,1.3,2.5,7.1,11.1,2
2024/2/1,0.5,1,3,7.1,6.9,9.9,2.4
2024/2/2,0,0,3.3,6.4,3.2,6.9,0.2
2024/2/3,0.5,1,2.5,5,4.5,8.6,0.3
2024/2/4,0.5,0.5,2.9,6.1,5,9.3,2.6
2024/2/5,1.5,10,3.5,6.9,3.8,5.5,2.1
2024/2/6,0,0,2.1,6.2,4.6,9.2,1.3
2024/2/7,0,0,1.8,4.6,3.3,10.1,-1.5
2024/2/8,0,0,2,5.1,3.7,7.7,-1
2024/2/9,0,0,1.6,4.9,4.3,10.4,-0.7
2024/2/10,0,0,2.2,6.7,4.5,10,-1.2
2024/2/11,0,0,1.8,5.1,3.5,8.1,-1.5
2024/2/12,0,0,2,5,4.5,10.6,0.5
2024/2/13,0,0,1.6,5.1,6.5,13.6,-0.7
2024/2/14,0,0,1.6,3.7,10.8,17,4
2024/2/15,2.5,4,4.1,8.7,13.4,15.5,9.4
2024/2/16,0,0,3.7,7.4,5.5,11.4,1.3
2024/2/17,0,0,1.4,3.3,5.5,12.5,-1
2024/2/18,0,0,1.6,5.2,11.5,15.5,6.5
2024/2/19,1.5,14,4.3,8.6,14.9,16.3,10.4
2024/2/20,0,0,3.4,6.6,12.6,15.8,9.3
2024/2/21,2.5,19.5,3.9,5.7,8.3,10,6.5
2024/2/22,1,6,4.2,6.8,6.5,8.5,4.3
2024/2/23,0.5,1.5,2.8,6.5,4.5,7.3,1.7
2024/2/24,0,0,3.2,6.6,4.7,9.5,0.2
2024/2/25,1,15,2.5,5,5.1,8.1,2.7
2024/2/26,0,0,3.7,8.4,5.1,10,2.6
2024/2/27,0,0,4.3,8.2,4.6,8,1.8
2024/2/28,0,0,3.2,5.7,6.3,11.7,3.2
2024/2/29,1.5,21,2.7,6.4,5.9,9.7,2.5
2024/3/1,0.5,0.5,3.1,6.6,7.1,13.2,2.4
2024/3/2,0,0,2.3,5.8,2.2,6.6,-0.7
2024/3/3,0,0,2.5,6.9,3.6,8.8,-2.1
2024/3/4,0,0,2.5,5.9,7.8,12.5,2.1
2024/3/5,1,19,3.5,6.9,5.6,7.2,5
2024/3/6,0.5,1,4.5,7.7,6.4,7.9,5
2024/3/7,0,0,2.5,4.5,5.7,9.9,3.5
2024/3/8,0,0,3.4,7.9,5.3,11.1,1.5
2024/3/9,0,0,2.2,5.5,2.7,7.1,-0.4
2024/3/10,0,0,1.9,4.8,3.1,9.2,-2.1
2024/3/11,0,0,1.9,4.4,6.2,12.5,-1.8
2024/3/12,1,20,2.5,5.8,7.6,10.6,5.3
2024/3/13,0,0,2.2,4.9,6.7,11.4,2.8
2024/3/14,0,0,2.2,6.4,6.8,12.4,-0.2
2024/3/15,0,0,2.3,6.6,8.5,15.2,1.1
2024/3/16,0,0,1.9,5.6,10.6,17.4,2.3
2024/3/17,1,3.5,1.8,4.5,10.8,14.6,7.8
2024/3/18,0,0,4.2,7.4,6.5,10.4,1.9
2024/3/19,0,0,2.7,5.6,6.3,10.8,0.7
2024/3/20,0.5,1.5,5.1,9,5.1,10.1,-0.2
2024/3/21,0.5,0.5,1.8,4.7,1.7,6.5,-1.7
2024/3/22,0,0,1.8,5.4,4.9,10.4,-1.2
2024/3/23,1,13.5,1.8,4.6,8.5,11.6,5.1
2024/3/24,0.5,1.5,2.5,5.3,11,13.3,8.8
2024/3/25,3,24.5,2.1,4.8,11.4,14.1,9.6
2024/3/26,5,38.5,4.1,8.6,8.7,11.8,6
2024/3/27,0,0,3.1,5.7,9.2,15,4.8
2024/3/28,1.5,11.5,2.8,5.9,10.5,16.1,3.2
2024/3/29,3.5,10,4.7,9.5,15.4,18.8,11.8
2024/3/30,0,0,3.2,5.7,15.4,19.5,11.1
2024/3/31,0,0,2.4,4.9,16.4,20.5,12.7
2024/4/1,0,0,3.6,8,14.7,21.6,9.6
2024/4/2,0,0,2.1,4.1,13.3,18.9,6.2
2024/4/3,4.5,31,2.1,4,14.3,16.5,12.5
2024/4/4,0.5,0.5,3.1,5.6,13.7,16.3,9.6
2024/4/5,0,0,3,5.7,12.3,18.2,9
2024/4/6,0,0,1.9,4.3,13.5,19.5,6.8
2024/4/7,0,0,1.6,4,16.2,21.6,11.1
2024/4/8,2.5,15.5,1.7,3.6,16.4,21.3,13
2024/4/9,2.5,33,5,7.9,11.7,15.7,6.5
2024/4/10,0,0,2.3,5,10.4,16.4,3.4
2024/4/11,0,0,2.3,6.8,14.1,19,7.5
2024/4/12,0,0,2.5,5.6,15.8,21.7,9.8
2024/4/13,0,0,2.1,4.7,16.2,22.5,10.1
2024/4/14,0,0,2.5,5.8,16.6,23.2,9.7
2024/4/15,0,0,3.7,6.9,17.4,21.4,13.4
2024/4/16,4.5,10,4.2,8.2,18.1,22.5,14.5
2024/4/17,1,2.5,2.2,4.9,18.3,24.2,14.9
2024/4/18,0,0,3.5,6.4,15.8,19.9,11.9
2024/4/19,0,0,2,5.7,15.7,20.9,9.3
2024/4/20,0,0,2.1,5.5,17.5,23,10.2
2024/4/21,1,14,2.1,6.6,16.5,18.2,15.6
2024/4/22,0,0,2,4.4,18.1,21.6,15.4
2024/4/23,0.5,2,2.3,4,17.2,20.1,15.1
2024/4/24,2,5.5,1.8,4,17.4,20.6,15.3
2024/4/25,0,0,2,4.9,16.7,21.6,12
2024/4/26,0,0,1.7,4.2,17.4,22.2,11.7
2024/4/27,0,0,1.2,3.3,17.8,21.8,15.6
2024/4/28,0,0,2.3,5.4,19.1,24.9,12.7
2024/4/29,1,14,2.1,3.9,18.8,22.5,16.8
2024/4/30,1.5,6.5,2,4.5,18.3,23.3,16.4
2024/5/1,0.5,3,3.5,5.5,13.3,16.5,11.1
2024/5/2,0,0,2.3,5.6,14.5,21,9.2
2024/5/3,0,0,2,4.1,16.1,22.2,10.1
2024/5/4,0,0,2.3,4.7,18.1,25,11
2024/5/5,0,0,4.7,8.6,19.1,23.6,14.8
2024/5/6,1,12.5,3.8,6,18.9,20.7,16.9
2024/5/7,1,12,3.5,6.8,18.5,21.6,15.9
2024/5/8,0,0,3.9,7,14.2,18.2,10.3
2024/5/9,0,0,3.4,6.5,13.4,18.8,9.8
2024/5/10,0,0,2.7,5.3,15.1,21.5,6.4
2024/5/11,0,0,4.9,9.2,18.5,23.1,13.5
2024/5/12,1,13,4.4,8.2,19.3,21.3,17.2
2024/5/13,2.5,26.5,3.4,7.8,14.6,18.5,10.7
2024/5/14,0,0,2.2,5.7,15.7,21.8,7.5
2024/5/15,0,0,1.4,2.8,18.1,22.2,14.4
2024/5/16,1,1.5,5.7,12.2,15.8,18.4,11.9
2024/5/17,0,0,2.8,6.7,17.6,22.5,11.6
2024/5/18,0,0,2.3,4.1,19.9,26,11.3
2024/5/19,1,4,2,4.9,16.9,19.3,13.9
2024/5/20,0.5,2,1.8,5.2,18.4,22.9,13.7
2024/5/21,0,0,4,6,18.9,24.3,14.3
2024/5/22,0,0,2.5,4.3,18.2,23.6,12.3
2024/5/23,0,0,1.9,4.7,19.9,23.6,16.8
2024/5/24,0,0,2.5,6.9,20.2,25.5,15.7
2024/5/25,0,0,3.5,5.7,18.6,25.2,13.9
2024/5/26,0,0,4.2,8.3,19.4,25.6,12
2024/5/27,1.5,14,4.3,7.6,21.8,25.9,18.3
2024/5/28,5.5,123,3.2,7.5,16.8,22.1,13.9
2024/5/29,0,0,2.4,5.4,17.3,23.8,12.4
2024/5/30,0,0,2.3,5.5,18.8,25,11.4
2024/5/31,0.5,1.5,1.7,5,17.5,19.7,14.7
2024/6/1,0.5,0.5,1.8,4.6,18.2,24,12.2
2024/6/2,1,3,2.5,5.4,19,23.3,15.9
2024/6/3,0,0,2.7,5.2,18.4,24,13.5
2024/6/4,0,0,3.1,5.7,18.3,23.4,13.8
2024/6/5,0,0,3,5.3,19.7,26.6,13.9
2024/6/6,0,0,1.9,4.3,19.9,23.7,14.7
2024/6/7,0,0,2,5.3,22.1,27.8,17.4
2024/6/8,0.5,1.5,2.8,6.3,21.9,26.2,17.1
2024/6/9,1,12,1.8,5.1,19.1,20.9,17.7
2024/6/10,1,2,2.4,4.5,20.9,24.5,17.2
2024/6/11,0,0,2.5,5.5,22.1,27.1,17.8
2024/6/12,0,0,2.4,4.1,23.4,28.1,19
2024/6/13,0,0,2.2,5.6,24.2,29.5,19.9
2024/6/14,0,0,2.5,5,25.1,30.9,20.4
2024/6/15,0,0,2.4,5.7,23.8,28,20.9
2024/6/16,0,0,2.5,5.6,24.1,28.5,21.2
2024/6/17,1,4.5,1.5,2.7,23,26,19.4
2024/6/18,4.5,48.5,2.2,4.6,20.7,25.4,18.2
2024/6/19,0,0,1.8,5,23.3,28.5,16.2
2024/6/20,0,0,2.6,7,22.9,25.7,20.2
2024/6/21,1.5,21.5,3,6.6,21.8,27.2,17.9
2024/6/22,3,21.5,2.5,5.8,22.4,25.9,19
2024/6/23,3.5,30,3.7,8.1,24.2,26.2,23.4
2024/6/24,0,0,2.7,4.8,24.1,26.2,22.9
2024/6/25,0,0,2.8,4.8,24.2,25.8,22.7
2024/6/26,0,0,1.6,3.9,24.1,27.8,21.8
2024/6/27,1,4,1.8,3.8,22.4,24.5,20